alert_id,alert_type,is_sar,tran_id,orig_acct,bene_acct,tx_type,base_amt,tran_timestamp
6,fan_in,True,232,3792,1964,TRANSFER,135.89,2010-01-01T00:00:00Z
22,fan_in,True,263,9149,4651,TRANSFER,112.62,2010-01-01T00:00:00Z
17,fan_in,True,432,5891,7377,TRANSFER,119.51,2010-01-01T00:00:00Z
12,fan_in,True,442,6787,1661,TRANSFER,136.02,2010-01-01T00:00:00Z
28,fan_in,True,530,716,8587,TRANSFER,165.3,2010-01-01T00:00:00Z
29,fan_in,True,570,3738,5084,TRANSFER,174.3,2010-01-01T00:00:00Z
3,fan_in,True,573,5324,2177,TRANSFER,184.32,2010-01-01T00:00:00Z
2,fan_in,True,688,4380,9782,TRANSFER,109.12,2010-01-01T00:00:00Z
4,fan_in,True,816,9300,2182,TRANSFER,177.32,2010-01-01T00:00:00Z
15,fan_in,True,849,2756,8359,TRANSFER,142.71,2010-01-01T00:00:00Z
16,fan_in,True,862,2298,5688,TRANSFER,108.62,2010-01-01T00:00:00Z
9,fan_in,True,919,7605,7702,TRANSFER,132.47,2010-01-01T00:00:00Z
18,fan_in,True,945,6483,1590,TRANSFER,135.69,2010-01-01T00:00:00Z
1,fan_in,True,964,2344,5470,TRANSFER,189.75,2010-01-01T00:00:00Z
0,fan_in,True,970,8485,7950,TRANSFER,194.53,2010-01-01T00:00:00Z
20,fan_in,True,985,123,2275,TRANSFER,160.35,2010-01-01T00:00:00Z
8,fan_in,True,1010,5819,2300,TRANSFER,173.42,2010-01-01T00:00:00Z
25,fan_in,True,1028,7235,3191,TRANSFER,142.27,2010-01-01T00:00:00Z
23,fan_in,True,1228,6173,9851,TRANSFER,144.32,2010-01-01T00:00:00Z
26,fan_in,True,1256,8627,9601,TRANSFER,183.25,2010-01-01T00:00:00Z
27,fan_in,True,1289,312,4046,TRANSFER,108.91,2010-01-01T00:00:00Z
19,fan_in,True,1291,4919,4616,TRANSFER,130.63,2010-01-01T00:00:00Z
5,fan_in,True,1366,4170,1589,TRANSFER,183.27,2010-01-01T00:00:00Z
21,fan_in,True,1421,6344,2984,TRANSFER,109.9,2010-01-01T00:00:00Z
24,fan_in,True,1616,5098,8334,TRANSFER,177.35,2010-01-02T00:00:00Z
11,fan_in,True,1621,3320,8279,TRANSFER,170.32,2010-01-02T00:00:00Z
13,fan_in,True,1831,7355,4764,TRANSFER,170.32,2010-01-02T00:00:00Z
10,fan_in,True,1839,9031,8764,TRANSFER,109.79,2010-01-02T00:00:00Z
44,fan_out,True,1933,5838,9174,TRANSFER,101.76,2010-01-02T00:00:00Z
34,fan_out,True,1975,5745,6013,TRANSFER,182.42,2010-01-02T00:00:00Z
39,fan_out,True,2596,4872,3727,TRANSFER,128.38,2010-01-02T00:00:00Z
14,fan_in,True,2816,9680,7827,TRANSFER,170.39,2010-01-02T00:00:00Z
7,fan_in,True,4002,7717,6594,TRANSFER,178.91,2010-01-03T00:00:00Z
53,fan_out,True,4377,4431,2429,TRANSFER,147.41,2010-01-04T00:00:00Z
37,fan_out,True,5324,2760,5787,TRANSFER,113.19,2010-01-04T00:00:00Z
31,fan_out,True,5742,6378,8628,TRANSFER,139.44,2010-01-04T00:00:00Z
55,fan_out,True,5845,3696,4329,TRANSFER,121.41,2010-01-05T00:00:00Z
42,fan_out,True,6487,2840,3340,TRANSFER,103.23,2010-01-05T00:00:00Z
30,fan_out,True,6893,4912,3748,TRANSFER,196.91,2010-01-05T00:00:00Z
11,fan_in,True,8870,7188,8279,TRANSFER,170.32,2010-01-07T00:00:00Z
44,fan_out,True,8875,5838,1794,TRANSFER,101.76,2010-01-07T00:00:00Z
35,fan_out,True,9871,4498,3822,TRANSFER,142.22,2010-01-07T00:00:00Z
37,fan_out,True,10815,2760,6993,TRANSFER,113.19,2010-01-08T00:00:00Z
20,fan_in,True,10922,5070,2275,TRANSFER,160.35,2010-01-08T00:00:00Z
56,fan_out,True,12214,8754,2686,TRANSFER,199.86,2010-01-09T00:00:00Z
54,fan_out,True,12547,5194,7979,TRANSFER,189.91,2010-01-09T00:00:00Z
58,fan_out,True,12607,2739,2491,TRANSFER,138.28,2010-01-09T00:00:00Z
37,fan_out,True,12690,2760,9135,TRANSFER,113.19,2010-01-09T00:00:00Z
53,fan_out,True,12927,4431,7709,TRANSFER,147.41,2010-01-10T00:00:00Z
37,fan_out,True,13294,2760,6176,TRANSFER,113.19,2010-01-10T00:00:00Z
53,fan_out,True,14941,4431,8397,TRANSFER,147.41,2010-01-11T00:00:00Z
53,fan_out,True,14942,4431,9270,TRANSFER,147.41,2010-01-11T00:00:00Z
37,fan_out,True,15047,2760,1607,TRANSFER,113.19,2010-01-11T00:00:00Z
39,fan_out,True,15118,4872,4601,TRANSFER,128.38,2010-01-11T00:00:00Z
11,fan_in,True,16630,1127,8279,TRANSFER,170.32,2010-01-12T00:00:00Z
44,fan_out,True,17653,5838,8442,TRANSFER,101.76,2010-01-13T00:00:00Z
44,fan_out,True,17654,5838,2536,TRANSFER,101.76,2010-01-13T00:00:00Z
31,fan_out,True,18245,6378,635,TRANSFER,139.44,2010-01-13T00:00:00Z
53,fan_out,True,18322,4431,2238,TRANSFER,147.41,2010-01-13T00:00:00Z
0,fan_in,True,21263,3838,7950,TRANSFER,194.53,2010-01-15T00:00:00Z
20,fan_in,True,21420,6095,2275,TRANSFER,160.35,2010-01-15T00:00:00Z
49,fan_out,True,21834,4658,9060,TRANSFER,104.37,2010-01-16T00:00:00Z
17,fan_in,True,22455,5126,7377,TRANSFER,119.51,2010-01-16T00:00:00Z
30,fan_out,True,22838,4912,1191,TRANSFER,196.91,2010-01-16T00:00:00Z
11,fan_in,True,23469,4902,8279,TRANSFER,170.32,2010-01-17T00:00:00Z
46,fan_out,True,24221,3951,4484,TRANSFER,198.16,2010-01-17T00:00:00Z
52,fan_out,True,27578,3664,5720,TRANSFER,119.0,2010-01-20T00:00:00Z
52,fan_out,True,27579,3664,7798,TRANSFER,119.0,2010-01-20T00:00:00Z
53,fan_out,True,27796,4431,2227,TRANSFER,147.41,2010-01-20T00:00:00Z
6,fan_in,True,28702,8618,1964,TRANSFER,135.89,2010-01-20T00:00:00Z
36,fan_out,True,28838,2585,2693,TRANSFER,151.08,2010-01-21T00:00:00Z
39,fan_out,True,29893,4872,4315,TRANSFER,128.38,2010-01-21T00:00:00Z
11,fan_in,True,30243,9173,8279,TRANSFER,170.32,2010-01-22T00:00:00Z
20,fan_in,True,31424,6185,2275,TRANSFER,160.35,2010-01-22T00:00:00Z
52,fan_out,True,32815,3664,909,TRANSFER,119.0,2010-01-23T00:00:00Z
16,fan_in,True,33274,6117,5688,TRANSFER,108.62,2010-01-24T00:00:00Z
44,fan_out,True,33333,5838,9403,TRANSFER,101.76,2010-01-24T00:00:00Z
95,cycle,True,33583,1543,6555,TRANSFER,189.47,2010-01-24T00:00:00Z
34,fan_out,True,33973,5745,2783,TRANSFER,182.42,2010-01-24T00:00:00Z
95,cycle,True,36625,3520,3441,TRANSFER,170.53,2010-01-26T00:00:00Z
95,cycle,True,36626,3441,5204,TRANSFER,153.47,2010-01-26T00:00:00Z
53,fan_out,True,37745,4431,3537,TRANSFER,147.41,2010-01-27T00:00:00Z
32,fan_out,True,38380,9583,8253,TRANSFER,194.86,2010-01-27T00:00:00Z
22,fan_in,True,38810,4553,4651,TRANSFER,112.62,2010-01-28T00:00:00Z
0,fan_in,True,40238,2145,7950,TRANSFER,194.53,2010-01-29T00:00:00Z
47,fan_out,True,40245,5645,4023,TRANSFER,158.63,2010-01-29T00:00:00Z
30,fan_out,True,41092,4912,4769,TRANSFER,196.91,2010-01-29T00:00:00Z
20,fan_in,True,41368,5463,2275,TRANSFER,160.35,2010-01-29T00:00:00Z
58,fan_out,True,41373,2739,1574,TRANSFER,138.28,2010-01-29T00:00:00Z
39,fan_out,True,41491,4872,3035,TRANSFER,128.38,2010-01-29T00:00:00Z
53,fan_out,True,42004,4431,1846,TRANSFER,147.41,2010-01-30T00:00:00Z
52,fan_out,True,42840,3664,1869,TRANSFER,119.0,2010-01-30T00:00:00Z
95,cycle,True,44336,1257,3520,TRANSFER,138.13,2010-01-31T00:00:00Z
95,cycle,True,44337,6837,3458,TRANSFER,124.31,2010-01-31T00:00:00Z
17,fan_in,True,44370,6732,7377,TRANSFER,119.51,2010-01-31T00:00:00Z
95,cycle,True,45189,5204,5261,TRANSFER,111.88,2010-02-01T00:00:00Z
95,cycle,True,45190,3458,1543,TRANSFER,100.69,2010-02-01T00:00:00Z
8,fan_in,True,45548,5294,2300,TRANSFER,173.42,2010-02-01T00:00:00Z
95,cycle,True,46838,9910,1257,TRANSFER,90.62,2010-02-02T00:00:00Z
29,fan_in,True,47642,7878,5084,TRANSFER,174.3,2010-02-03T00:00:00Z
41,fan_out,True,47920,4531,9488,TRANSFER,196.96,2010-02-03T00:00:00Z
54,fan_out,True,48724,5194,9249,TRANSFER,189.91,2010-02-03T00:00:00Z
86,cycle,True,49203,6286,2347,TRANSFER,198.22,2010-02-04T00:00:00Z
53,fan_out,True,50258,4431,3481,TRANSFER,147.41,2010-02-05T00:00:00Z
32,fan_out,True,50470,9583,5469,TRANSFER,194.86,2010-02-05T00:00:00Z
20,fan_in,True,50868,1062,2275,TRANSFER,160.35,2010-02-05T00:00:00Z
86,cycle,True,51327,1046,8738,TRANSFER,178.4,2010-02-05T00:00:00Z
62,cycle,True,51708,2163,6223,TRANSFER,154.39,2010-02-06T00:00:00Z
62,cycle,True,51709,8533,4112,TRANSFER,138.95,2010-02-06T00:00:00Z
7,fan_in,True,52182,8502,6594,TRANSFER,178.91,2010-02-06T00:00:00Z
54,fan_out,True,52361,5194,9440,TRANSFER,189.91,2010-02-06T00:00:00Z
86,cycle,True,52403,8738,3778,TRANSFER,160.56,2010-02-06T00:00:00Z
47,fan_out,True,52994,5645,2341,TRANSFER,158.63,2010-02-07T00:00:00Z
35,fan_out,True,53189,4498,6380,TRANSFER,142.22,2010-02-07T00:00:00Z
35,fan_out,True,54650,4498,8613,TRANSFER,142.22,2010-02-08T00:00:00Z
6,fan_in,True,55316,930,1964,TRANSFER,135.89,2010-02-08T00:00:00Z
26,fan_in,True,57204,6294,9601,TRANSFER,183.25,2010-02-09T00:00:00Z
34,fan_out,True,57249,5745,3807,TRANSFER,182.42,2010-02-09T00:00:00Z
25,fan_in,True,57371,6584,3191,TRANSFER,142.27,2010-02-10T00:00:00Z
95,cycle,True,57731,6555,9910,TRANSFER,81.56,2010-02-10T00:00:00Z
95,cycle,True,57732,5261,6837,TRANSFER,73.41,2010-02-10T00:00:00Z
48,fan_out,True,57846,9540,5333,TRANSFER,133.27,2010-02-10T00:00:00Z
62,cycle,True,58513,9668,5201,TRANSFER,125.06,2010-02-10T00:00:00Z
86,cycle,True,59647,3778,6286,TRANSFER,144.5,2010-02-11T00:00:00Z
20,fan_in,True,60351,947,2275,TRANSFER,160.35,2010-02-12T00:00:00Z
0,fan_in,True,60578,8913,7950,TRANSFER,194.53,2010-02-12T00:00:00Z
31,fan_out,True,60725,6378,4330,TRANSFER,139.44,2010-02-12T00:00:00Z
39,fan_out,True,61640,4872,4000,TRANSFER,128.38,2010-02-13T00:00:00Z
2,fan_in,True,61643,1586,9782,TRANSFER,109.12,2010-02-13T00:00:00Z
42,fan_out,True,61880,2840,8944,TRANSFER,103.23,2010-02-13T00:00:00Z
35,fan_out,True,62235,4498,8435,TRANSFER,142.22,2010-02-13T00:00:00Z
62,cycle,True,62692,3174,7513,TRANSFER,112.55,2010-02-13T00:00:00Z
5,fan_in,True,63301,9325,1589,TRANSFER,183.27,2010-02-14T00:00:00Z
54,fan_out,True,63911,5194,1787,TRANSFER,189.91,2010-02-14T00:00:00Z
17,fan_in,True,65211,4306,7377,TRANSFER,119.51,2010-02-15T00:00:00Z
86,cycle,True,65742,2347,1046,TRANSFER,130.05,2010-02-15T00:00:00Z
34,fan_out,True,65743,5745,3159,TRANSFER,182.42,2010-02-15T00:00:00Z
16,fan_in,True,66958,3695,5688,TRANSFER,108.62,2010-02-16T00:00:00Z
4,fan_in,True,67899,9142,2182,TRANSFER,177.32,2010-02-17T00:00:00Z
62,cycle,True,69542,4208,9668,TRANSFER,101.3,2010-02-18T00:00:00Z
72,cycle,True,70956,4461,1159,TRANSFER,193.66,2010-02-19T00:00:00Z
20,fan_in,True,71402,8139,2275,TRANSFER,160.35,2010-02-19T00:00:00Z
72,cycle,True,72787,374,1826,TRANSFER,174.29,2010-02-20T00:00:00Z
72,cycle,True,72788,6871,4461,TRANSFER,156.86,2010-02-20T00:00:00Z
50,fan_out,True,73087,3355,2862,TRANSFER,109.81,2010-02-21T00:00:00Z
62,cycle,True,73782,1109,2163,TRANSFER,91.17,2010-02-21T00:00:00Z
36,fan_out,True,75362,2585,7469,TRANSFER,151.08,2010-02-22T00:00:00Z
62,cycle,True,75706,5201,8533,TRANSFER,82.05,2010-02-22T00:00:00Z
62,cycle,True,75707,4112,1109,TRANSFER,73.84,2010-02-22T00:00:00Z
39,fan_out,True,77391,4872,9290,TRANSFER,128.38,2010-02-24T00:00:00Z
56,fan_out,True,77839,8754,2353,TRANSFER,199.86,2010-02-24T00:00:00Z
22,fan_in,True,78246,540,4651,TRANSFER,112.62,2010-02-24T00:00:00Z
19,fan_in,True,78320,959,4616,TRANSFER,130.63,2010-02-24T00:00:00Z
46,fan_out,True,78384,3951,538,TRANSFER,198.16,2010-02-24T00:00:00Z
52,fan_out,True,78762,3664,3707,TRANSFER,119.0,2010-02-24T00:00:00Z
46,fan_out,True,79227,3951,1516,TRANSFER,198.16,2010-02-25T00:00:00Z
62,cycle,True,79556,6223,3174,TRANSFER,66.46,2010-02-25T00:00:00Z
62,cycle,True,79557,7513,4208,TRANSFER,59.81,2010-02-25T00:00:00Z
9,fan_in,True,80424,4611,7702,TRANSFER,132.47,2010-02-26T00:00:00Z
57,fan_out,True,80426,6222,1859,TRANSFER,177.77,2010-02-26T00:00:00Z
72,cycle,True,80845,2189,6871,TRANSFER,141.17,2010-02-26T00:00:00Z
0,fan_in,True,81456,6075,7950,TRANSFER,194.53,2010-02-26T00:00:00Z
20,fan_in,True,81548,4140,2275,TRANSFER,160.35,2010-02-26T00:00:00Z
6,fan_in,True,81718,2805,1964,TRANSFER,135.89,2010-02-27T00:00:00Z
14,fan_in,True,81985,2626,7827,TRANSFER,170.39,2010-02-27T00:00:00Z
24,fan_in,True,83741,8909,8334,TRANSFER,177.35,2010-02-28T00:00:00Z
50,fan_out,True,84149,3355,7773,TRANSFER,109.81,2010-02-28T00:00:00Z
54,fan_out,True,84405,5194,5392,TRANSFER,189.91,2010-02-28T00:00:00Z
72,cycle,True,84826,6821,374,TRANSFER,127.06,2010-03-01T00:00:00Z
31,fan_out,True,86591,6378,3988,TRANSFER,139.44,2010-03-02T00:00:00Z
72,cycle,True,86704,4963,6821,TRANSFER,114.35,2010-03-02T00:00:00Z
72,cycle,True,86705,7386,2189,TRANSFER,102.91,2010-03-02T00:00:00Z
17,fan_in,True,87328,5552,7377,TRANSFER,119.51,2010-03-02T00:00:00Z
42,fan_out,True,87979,2840,6490,TRANSFER,103.23,2010-03-03T00:00:00Z
57,fan_out,True,88743,6222,1108,TRANSFER,177.77,2010-03-03T00:00:00Z
8,fan_in,True,89343,9131,2300,TRANSFER,173.42,2010-03-04T00:00:00Z
21,fan_in,True,89469,3829,2984,TRANSFER,109.9,2010-03-04T00:00:00Z
10,fan_in,True,90120,4680,8764,TRANSFER,109.79,2010-03-04T00:00:00Z
85,cycle,True,92537,7180,4906,TRANSFER,192.99,2010-03-06T00:00:00Z
80,cycle,True,93326,1425,4085,TRANSFER,156.77,2010-03-07T00:00:00Z
80,cycle,True,93327,1265,5347,TRANSFER,141.1,2010-03-07T00:00:00Z
72,cycle,True,94309,1826,7386,TRANSFER,92.62,2010-03-07T00:00:00Z
34,fan_out,True,94405,5745,7246,TRANSFER,182.42,2010-03-07T00:00:00Z
85,cycle,True,94485,3669,5541,TRANSFER,173.69,2010-03-07T00:00:00Z
39,fan_out,True,94556,4872,9477,TRANSFER,128.38,2010-03-08T00:00:00Z
34,fan_out,True,95044,5745,4725,TRANSFER,182.42,2010-03-08T00:00:00Z
29,fan_in,True,95430,5814,5084,TRANSFER,174.3,2010-03-08T00:00:00Z
39,fan_out,True,96597,4872,960,TRANSFER,128.38,2010-03-09T00:00:00Z
72,cycle,True,97142,1159,4963,TRANSFER,83.36,2010-03-09T00:00:00Z
80,cycle,True,99073,5889,1009,TRANSFER,126.99,2010-03-11T00:00:00Z
80,cycle,True,99074,2249,1453,TRANSFER,114.29,2010-03-11T00:00:00Z
16,fan_in,True,99802,8917,5688,TRANSFER,108.62,2010-03-11T00:00:00Z
85,cycle,True,99947,7207,3669,TRANSFER,156.32,2010-03-11T00:00:00Z
85,cycle,True,100525,4653,7180,TRANSFER,140.68,2010-03-12T00:00:00Z
36,fan_out,True,100831,2585,8625,TRANSFER,151.08,2010-03-12T00:00:00Z
80,cycle,True,101019,3661,1425,TRANSFER,102.86,2010-03-12T00:00:00Z
7,fan_in,True,101237,4210,6594,TRANSFER,178.91,2010-03-12T00:00:00Z
0,fan_in,True,101698,2322,7950,TRANSFER,194.53,2010-03-12T00:00:00Z
80,cycle,True,102970,1009,2249,TRANSFER,92.57,2010-03-13T00:00:00Z
28,fan_in,True,103082,3215,8587,TRANSFER,165.3,2010-03-14T00:00:00Z
38,fan_out,True,103183,6044,641,TRANSFER,162.46,2010-03-14T00:00:00Z
33,fan_out,True,104263,7366,8567,TRANSFER,155.1,2010-03-14T00:00:00Z
85,cycle,True,104763,4906,7207,TRANSFER,126.62,2010-03-15T00:00:00Z
85,cycle,True,104764,5541,4653,TRANSFER,113.95,2010-03-15T00:00:00Z
1,fan_in,True,105435,511,5470,TRANSFER,189.75,2010-03-15T00:00:00Z
55,fan_out,True,105566,3696,8154,TRANSFER,121.41,2010-03-15T00:00:00Z
80,cycle,True,105945,5347,5889,TRANSFER,83.31,2010-03-15T00:00:00Z
80,cycle,True,107082,1624,1265,TRANSFER,74.98,2010-03-16T00:00:00Z
17,fan_in,True,107780,8874,7377,TRANSFER,119.51,2010-03-17T00:00:00Z
80,cycle,True,108212,1453,3661,TRANSFER,67.48,2010-03-17T00:00:00Z
6,fan_in,True,109167,5925,1964,TRANSFER,135.89,2010-03-18T00:00:00Z
30,fan_out,True,110108,4912,9712,TRANSFER,196.91,2010-03-18T00:00:00Z
80,cycle,True,111642,4085,1624,TRANSFER,60.74,2010-03-19T00:00:00Z
26,fan_in,True,112523,5161,9601,TRANSFER,183.25,2010-03-20T00:00:00Z
30,fan_out,True,113094,4912,9238,TRANSFER,196.91,2010-03-21T00:00:00Z
54,fan_out,True,113114,5194,3305,TRANSFER,189.91,2010-03-21T00:00:00Z
25,fan_in,True,114555,8107,3191,TRANSFER,142.27,2010-03-22T00:00:00Z
87,cycle,True,115470,6614,5451,TRANSFER,187.55,2010-03-22T00:00:00Z
22,fan_in,True,116822,2532,4651,TRANSFER,112.62,2010-03-23T00:00:00Z
87,cycle,True,116857,4289,5185,TRANSFER,168.79,2010-03-23T00:00:00Z
12,fan_in,True,117121,9405,1661,TRANSFER,136.02,2010-03-23T00:00:00Z
52,fan_out,True,118940,3664,2263,TRANSFER,119.0,2010-03-25T00:00:00Z
87,cycle,True,118982,4853,4300,TRANSFER,151.91,2010-03-25T00:00:00Z
57,fan_out,True,119160,6222,4754,TRANSFER,177.77,2010-03-25T00:00:00Z
35,fan_out,True,119325,4498,7678,TRANSFER,142.22,2010-03-25T00:00:00Z
18,fan_in,True,120216,8886,1590,TRANSFER,135.69,2010-03-25T00:00:00Z
0,fan_in,True,121561,3948,7950,TRANSFER,194.53,2010-03-26T00:00:00Z
87,cycle,True,123833,5608,4853,TRANSFER,136.72,2010-03-28T00:00:00Z
31,fan_out,True,123957,6378,6456,TRANSFER,139.44,2010-03-28T00:00:00Z
2,fan_in,True,124566,651,9782,TRANSFER,109.12,2010-03-28T00:00:00Z
87,cycle,True,124820,4300,7844,TRANSFER,123.05,2010-03-29T00:00:00Z
64,cycle,True,126267,8258,2883,TRANSFER,121.54,2010-03-30T00:00:00Z
64,cycle,True,126268,3850,2535,TRANSFER,109.38,2010-03-30T00:00:00Z
5,fan_in,True,126274,5038,1589,TRANSFER,183.27,2010-03-30T00:00:00Z
27,fan_in,True,126285,7812,4046,TRANSFER,108.91,2010-03-30T00:00:00Z
3,fan_in,True,126886,8419,2177,TRANSFER,184.32,2010-03-30T00:00:00Z
64,cycle,True,127923,699,4121,TRANSFER,98.44,2010-03-31T00:00:00Z
87,cycle,True,127967,3751,7282,TRANSFER,110.74,2010-03-31T00:00:00Z
30,fan_out,True,128389,4912,7189,TRANSFER,196.91,2010-03-31T00:00:00Z
87,cycle,True,129843,7844,3751,TRANSFER,99.67,2010-04-01T00:00:00Z
87,cycle,True,129844,7282,6614,TRANSFER,89.7,2010-04-01T00:00:00Z
41,fan_out,True,129985,4531,8453,TRANSFER,196.96,2010-04-01T00:00:00Z
87,cycle,True,131432,5185,5608,TRANSFER,80.73,2010-04-02T00:00:00Z
16,fan_in,True,132488,8292,5688,TRANSFER,108.62,2010-04-03T00:00:00Z
87,cycle,True,132841,5451,4289,TRANSFER,72.66,2010-04-03T00:00:00Z
54,fan_out,True,133128,5194,3548,TRANSFER,189.91,2010-04-03T00:00:00Z
8,fan_in,True,133835,2961,2300,TRANSFER,173.42,2010-04-04T00:00:00Z
49,fan_out,True,133938,4658,8004,TRANSFER,104.37,2010-04-04T00:00:00Z
34,fan_out,True,134420,5745,8617,TRANSFER,182.42,2010-04-04T00:00:00Z
4,fan_in,True,135063,2206,2182,TRANSFER,177.32,2010-04-05T00:00:00Z
42,fan_out,True,137999,2840,7179,TRANSFER,103.23,2010-04-07T00:00:00Z
89,cycle,True,141476,3141,7680,TRANSFER,138.02,2010-04-09T00:00:00Z
0,fan_in,True,141540,6419,7950,TRANSFER,194.53,2010-04-09T00:00:00Z
89,cycle,True,141773,9336,9191,TRANSFER,124.22,2010-04-10T00:00:00Z
89,cycle,True,141774,2040,5015,TRANSFER,111.8,2010-04-10T00:00:00Z
47,fan_out,True,142372,5645,1024,TRANSFER,158.63,2010-04-10T00:00:00Z
64,cycle,True,142871,2535,699,TRANSFER,88.6,2010-04-10T00:00:00Z
64,cycle,True,142872,4121,9080,TRANSFER,79.74,2010-04-10T00:00:00Z
29,fan_in,True,143036,3396,5084,TRANSFER,174.3,2010-04-10T00:00:00Z
64,cycle,True,143667,9080,1068,TRANSFER,71.76,2010-04-11T00:00:00Z
64,cycle,True,143668,1068,8258,TRANSFER,64.59,2010-04-11T00:00:00Z
89,cycle,True,143742,3434,3141,TRANSFER,100.62,2010-04-11T00:00:00Z
58,fan_out,True,143992,2739,2752,TRANSFER,138.28,2010-04-11T00:00:00Z
58,fan_out,True,143993,2739,4395,TRANSFER,138.28,2010-04-11T00:00:00Z
89,cycle,True,145258,9191,6362,TRANSFER,90.56,2010-04-12T00:00:00Z
89,cycle,True,146313,5015,3434,TRANSFER,81.5,2010-04-13T00:00:00Z
89,cycle,True,147763,7680,966,TRANSFER,73.35,2010-04-14T00:00:00Z
89,cycle,True,147764,966,9336,TRANSFER,66.01,2010-04-14T00:00:00Z
89,cycle,True,147765,6362,2040,TRANSFER,59.41,2010-04-14T00:00:00Z
23,fan_in,True,148254,7767,9851,TRANSFER,144.32,2010-04-14T00:00:00Z
7,fan_in,True,149371,9360,6594,TRANSFER,178.91,2010-04-15T00:00:00Z
64,cycle,True,152082,2883,3850,TRANSFER,58.13,2010-04-17T00:00:00Z
56,fan_out,True,153062,8754,3167,TRANSFER,199.86,2010-04-17T00:00:00Z
22,fan_in,True,155806,7781,4651,TRANSFER,112.62,2010-04-19T00:00:00Z
19,fan_in,True,155857,2105,4616,TRANSFER,130.63,2010-04-19T00:00:00Z
40,fan_out,True,159144,8052,3072,TRANSFER,116.45,2010-04-22T00:00:00Z
56,fan_out,True,159268,8754,8984,TRANSFER,199.86,2010-04-22T00:00:00Z
0,fan_in,True,160364,7133,7950,TRANSFER,194.53,2010-04-23T00:00:00Z
9,fan_in,True,161450,36,7702,TRANSFER,132.47,2010-04-23T00:00:00Z
14,fan_in,True,162641,2063,7827,TRANSFER,170.39,2010-04-24T00:00:00Z
59,fan_out,True,164117,8585,8376,TRANSFER,121.4,2010-04-25T00:00:00Z
24,fan_in,True,165408,8700,8334,TRANSFER,177.35,2010-04-26T00:00:00Z
16,fan_in,True,165573,3714,5688,TRANSFER,108.62,2010-04-26T00:00:00Z
26,fan_in,True,168787,5569,9601,TRANSFER,183.25,2010-04-28T00:00:00Z
33,fan_out,True,171016,7366,5167,TRANSFER,155.1,2010-04-30T00:00:00Z
59,fan_out,True,171968,8585,2715,TRANSFER,121.4,2010-05-01T00:00:00Z
25,fan_in,True,172873,2295,3191,TRANSFER,142.27,2010-05-01T00:00:00Z
47,fan_out,True,173474,5645,6568,TRANSFER,158.63,2010-05-02T00:00:00Z
43,fan_out,True,173722,4746,6092,TRANSFER,144.22,2010-05-02T00:00:00Z
13,fan_in,True,176068,4298,4764,TRANSFER,170.32,2010-05-03T00:00:00Z
10,fan_in,True,176213,1685,8764,TRANSFER,109.79,2010-05-04T00:00:00Z
21,fan_in,True,177835,2644,2984,TRANSFER,109.9,2010-05-05T00:00:00Z
8,fan_in,True,178981,1823,2300,TRANSFER,173.42,2010-05-05T00:00:00Z
81,cycle,True,179030,2861,2542,TRANSFER,197.69,2010-05-06T00:00:00Z
81,cycle,True,179031,6256,6152,TRANSFER,177.92,2010-05-06T00:00:00Z
32,fan_out,True,180123,9583,6485,TRANSFER,194.86,2010-05-06T00:00:00Z
15,fan_in,True,185037,9810,8359,TRANSFER,142.71,2010-05-10T00:00:00Z
81,cycle,True,185426,7703,2047,TRANSFER,160.12,2010-05-10T00:00:00Z
2,fan_in,True,185641,7373,9782,TRANSFER,109.12,2010-05-10T00:00:00Z
81,cycle,True,186487,6152,6767,TRANSFER,144.11,2010-05-11T00:00:00Z
81,cycle,True,186488,6767,7703,TRANSFER,129.7,2010-05-11T00:00:00Z
5,fan_in,True,189088,4448,1589,TRANSFER,183.27,2010-05-13T00:00:00Z
81,cycle,True,190122,2542,6256,TRANSFER,116.73,2010-05-13T00:00:00Z
81,cycle,True,190123,2047,2861,TRANSFER,105.06,2010-05-13T00:00:00Z
29,fan_in,True,190316,9168,5084,TRANSFER,174.3,2010-05-13T00:00:00Z
31,fan_out,True,192817,6378,9743,TRANSFER,139.44,2010-05-15T00:00:00Z
22,fan_in,True,193642,5693,4651,TRANSFER,112.62,2010-05-16T00:00:00Z
49,fan_out,True,195475,4658,3773,TRANSFER,104.37,2010-05-17T00:00:00Z
30,fan_out,True,196124,4912,2882,TRANSFER,196.91,2010-05-17T00:00:00Z
99,cycle,True,196787,5403,6810,TRANSFER,120.16,2010-05-18T00:00:00Z
99,cycle,True,196788,9785,5859,TRANSFER,108.15,2010-05-18T00:00:00Z
99,cycle,True,196789,9009,295,TRANSFER,97.33,2010-05-18T00:00:00Z
99,cycle,True,196790,295,8876,TRANSFER,87.6,2010-05-18T00:00:00Z
99,cycle,True,196791,8876,5403,TRANSFER,78.84,2010-05-18T00:00:00Z
57,fan_out,True,197298,6222,4802,TRANSFER,177.77,2010-05-18T00:00:00Z
33,fan_out,True,197847,7366,3055,TRANSFER,155.1,2010-05-19T00:00:00Z
16,fan_in,True,198363,9320,5688,TRANSFER,108.62,2010-05-19T00:00:00Z
30,fan_out,True,199667,4912,3839,TRANSFER,196.91,2010-05-20T00:00:00Z
54,fan_out,True,200000,5194,6060,TRANSFER,189.91,2010-05-20T00:00:00Z
99,cycle,True,201807,7646,5862,TRANSFER,70.95,2010-05-21T00:00:00Z
99,cycle,True,201808,5862,9009,TRANSFER,63.86,2010-05-21T00:00:00Z
99,cycle,True,202356,6810,9785,TRANSFER,57.47,2010-05-22T00:00:00Z
99,cycle,True,202357,5859,7646,TRANSFER,51.72,2010-05-22T00:00:00Z
4,fan_in,True,202658,9397,2182,TRANSFER,177.32,2010-05-22T00:00:00Z
56,fan_out,True,204970,8754,9660,TRANSFER,199.86,2010-05-24T00:00:00Z
40,fan_out,True,206149,8052,4547,TRANSFER,116.45,2010-05-25T00:00:00Z
28,fan_in,True,207053,419,8587,TRANSFER,165.3,2010-05-25T00:00:00Z
31,fan_out,True,208997,6378,3398,TRANSFER,139.44,2010-05-26T00:00:00Z
1,fan_in,True,210011,7236,5470,TRANSFER,189.75,2010-05-27T00:00:00Z
47,fan_out,True,213131,5645,6061,TRANSFER,158.63,2010-05-29T00:00:00Z
35,fan_out,True,219968,4498,6407,TRANSFER,142.22,2010-06-03T00:00:00Z
49,fan_out,True,220916,4658,9704,TRANSFER,104.37,2010-06-04T00:00:00Z
8,fan_in,True,221934,7526,2300,TRANSFER,173.42,2010-06-05T00:00:00Z
35,fan_out,True,226568,4498,6425,TRANSFER,142.22,2010-06-08T00:00:00Z
25,fan_in,True,230272,8660,3191,TRANSFER,142.27,2010-06-10T00:00:00Z
12,fan_in,True,232444,3496,1661,TRANSFER,136.02,2010-06-12T00:00:00Z
22,fan_in,True,232519,7155,4651,TRANSFER,112.62,2010-06-12T00:00:00Z
19,fan_in,True,232729,2987,4616,TRANSFER,130.63,2010-06-12T00:00:00Z
55,fan_out,True,236567,3696,8600,TRANSFER,121.41,2010-06-15T00:00:00Z
29,fan_in,True,237066,6393,5084,TRANSFER,174.3,2010-06-15T00:00:00Z
18,fan_in,True,237899,8432,1590,TRANSFER,135.69,2010-06-16T00:00:00Z
75,cycle,True,239231,6775,3638,TRANSFER,138.75,2010-06-17T00:00:00Z
9,fan_in,True,240701,4123,7702,TRANSFER,132.47,2010-06-18T00:00:00Z
75,cycle,True,241883,9235,643,TRANSFER,124.88,2010-06-18T00:00:00Z
14,fan_in,True,242585,9778,7827,TRANSFER,170.39,2010-06-19T00:00:00Z
75,cycle,True,244597,643,2355,TRANSFER,112.39,2010-06-20T00:00:00Z
75,cycle,True,244598,2355,7387,TRANSFER,101.15,2010-06-20T00:00:00Z
24,fan_in,True,246683,711,8334,TRANSFER,177.35,2010-06-22T00:00:00Z
2,fan_in,True,247470,1792,9782,TRANSFER,109.12,2010-06-22T00:00:00Z
75,cycle,True,247808,3638,9235,TRANSFER,91.04,2010-06-23T00:00:00Z
75,cycle,True,247809,7387,4665,TRANSFER,81.93,2010-06-23T00:00:00Z
75,cycle,True,247810,4665,6775,TRANSFER,73.74,2010-06-23T00:00:00Z
97,cycle,True,248091,2223,4299,TRANSFER,114.25,2010-06-23T00:00:00Z
97,cycle,True,248092,4744,8342,TRANSFER,102.82,2010-06-23T00:00:00Z
55,fan_out,True,249079,3696,6120,TRANSFER,121.41,2010-06-23T00:00:00Z
27,fan_in,True,252725,8395,4046,TRANSFER,108.91,2010-06-26T00:00:00Z
3,fan_in,True,252865,1064,2177,TRANSFER,184.32,2010-06-26T00:00:00Z
5,fan_in,True,253012,8387,1589,TRANSFER,183.27,2010-06-26T00:00:00Z
97,cycle,True,253971,1630,2223,TRANSFER,92.54,2010-06-27T00:00:00Z
55,fan_out,True,255407,3696,9822,TRANSFER,121.41,2010-06-28T00:00:00Z
97,cycle,True,256645,6403,4744,TRANSFER,83.28,2010-06-29T00:00:00Z
97,cycle,True,260041,8342,1630,TRANSFER,74.95,2010-07-01T00:00:00Z
97,cycle,True,261289,4299,9515,TRANSFER,67.46,2010-07-02T00:00:00Z
97,cycle,True,261290,9515,6403,TRANSFER,60.72,2010-07-02T00:00:00Z
54,fan_out,True,264469,5194,8424,TRANSFER,189.91,2010-07-04T00:00:00Z
10,fan_in,True,264531,1611,8764,TRANSFER,109.79,2010-07-04T00:00:00Z
21,fan_in,True,266594,4237,2984,TRANSFER,109.9,2010-07-06T00:00:00Z
8,fan_in,True,266666,2368,2300,TRANSFER,173.42,2010-07-06T00:00:00Z
38,fan_out,True,266925,6044,6292,TRANSFER,162.46,2010-07-06T00:00:00Z
4,fan_in,True,269600,7071,2182,TRANSFER,177.32,2010-07-08T00:00:00Z
94,cycle,True,271278,5588,4563,TRANSFER,110.16,2010-07-09T00:00:00Z
94,cycle,True,271279,2034,5588,TRANSFER,99.15,2010-07-09T00:00:00Z
71,cycle,True,271322,5922,9494,TRANSFER,114.63,2010-07-09T00:00:00Z
22,fan_in,True,271436,8102,4651,TRANSFER,112.62,2010-07-09T00:00:00Z
71,cycle,True,272572,6204,7314,TRANSFER,103.17,2010-07-10T00:00:00Z
94,cycle,True,274159,4415,4543,TRANSFER,89.23,2010-07-11T00:00:00Z
71,cycle,True,274774,7314,2073,TRANSFER,92.85,2010-07-12T00:00:00Z
51,fan_out,True,275929,6210,7750,TRANSFER,161.03,2010-07-12T00:00:00Z
71,cycle,True,277388,255,1651,TRANSFER,83.57,2010-07-13T00:00:00Z
71,cycle,True,277760,9989,255,TRANSFER,75.21,2010-07-14T00:00:00Z
71,cycle,True,277761,2073,5922,TRANSFER,67.69,2010-07-14T00:00:00Z
71,cycle,True,279985,1651,6204,TRANSFER,60.92,2010-07-15T00:00:00Z
94,cycle,True,281107,5937,9296,TRANSFER,80.31,2010-07-16T00:00:00Z
96,cycle,True,281384,6238,5281,TRANSFER,127.75,2010-07-16T00:00:00Z
96,cycle,True,281385,3984,1801,TRANSFER,114.97,2010-07-16T00:00:00Z
55,fan_out,True,282423,3696,7747,TRANSFER,121.41,2010-07-17T00:00:00Z
71,cycle,True,282601,9494,9989,TRANSFER,54.83,2010-07-17T00:00:00Z
45,fan_out,True,283384,2889,6056,TRANSFER,113.73,2010-07-18T00:00:00Z
29,fan_in,True,283578,6396,5084,TRANSFER,174.3,2010-07-18T00:00:00Z
94,cycle,True,285109,6106,4415,TRANSFER,72.28,2010-07-19T00:00:00Z
94,cycle,True,285110,9296,8441,TRANSFER,65.05,2010-07-19T00:00:00Z
94,cycle,True,285111,8441,6920,TRANSFER,58.54,2010-07-19T00:00:00Z
96,cycle,True,285616,9700,3984,TRANSFER,103.47,2010-07-19T00:00:00Z
25,fan_in,True,287091,3771,3191,TRANSFER,142.27,2010-07-20T00:00:00Z
94,cycle,True,287152,6920,2034,TRANSFER,52.69,2010-07-20T00:00:00Z
96,cycle,True,287616,5281,9700,TRANSFER,93.12,2010-07-20T00:00:00Z
96,cycle,True,287617,1801,6238,TRANSFER,83.81,2010-07-20T00:00:00Z
94,cycle,True,288296,4543,5937,TRANSFER,47.42,2010-07-21T00:00:00Z
94,cycle,True,291653,4563,6106,TRANSFER,42.68,2010-07-23T00:00:00Z
42,fan_out,True,293070,2840,8074,TRANSFER,103.23,2010-07-24T00:00:00Z
23,fan_in,True,296032,4211,9851,TRANSFER,144.32,2010-07-26T00:00:00Z
43,fan_out,True,305558,4746,704,TRANSFER,144.22,2010-08-02T00:00:00Z
2,fan_in,True,308603,7791,9782,TRANSFER,109.12,2010-08-04T00:00:00Z
28,fan_in,True,309308,4102,8587,TRANSFER,165.3,2010-08-05T00:00:00Z
19,fan_in,True,310429,6231,4616,TRANSFER,130.63,2010-08-05T00:00:00Z
43,fan_out,True,311253,4746,9084,TRANSFER,144.22,2010-08-06T00:00:00Z
8,fan_in,True,311439,3554,2300,TRANSFER,173.42,2010-08-06T00:00:00Z
1,fan_in,True,314381,7538,5470,TRANSFER,189.75,2010-08-08T00:00:00Z
5,fan_in,True,316113,2479,1589,TRANSFER,183.27,2010-08-09T00:00:00Z
9,fan_in,True,321717,2578,7702,TRANSFER,132.47,2010-08-13T00:00:00Z
14,fan_in,True,322302,3402,7827,TRANSFER,170.39,2010-08-14T00:00:00Z
58,fan_out,True,326751,2739,8413,TRANSFER,138.28,2010-08-17T00:00:00Z
24,fan_in,True,328519,9016,8334,TRANSFER,177.35,2010-08-18T00:00:00Z
29,fan_in,True,331137,5853,5084,TRANSFER,174.3,2010-08-20T00:00:00Z
45,fan_out,True,333782,2889,9919,TRANSFER,113.73,2010-08-22T00:00:00Z
41,fan_out,True,334785,4531,5121,TRANSFER,196.96,2010-08-22T00:00:00Z
79,cycle,True,334947,7473,3609,TRANSFER,199.96,2010-08-23T00:00:00Z
79,cycle,True,334948,1688,7473,TRANSFER,179.96,2010-08-23T00:00:00Z
49,fan_out,True,335626,4658,5707,TRANSFER,104.37,2010-08-23T00:00:00Z
4,fan_in,True,337394,8855,2182,TRANSFER,177.32,2010-08-24T00:00:00Z
25,fan_in,True,343928,364,3191,TRANSFER,142.27,2010-08-29T00:00:00Z
36,fan_out,True,346035,2585,2154,TRANSFER,151.08,2010-08-30T00:00:00Z
79,cycle,True,347549,9350,4381,TRANSFER,161.96,2010-08-31T00:00:00Z
12,fan_in,True,347987,1013,1661,TRANSFER,136.02,2010-09-01T00:00:00Z
13,fan_in,True,348323,1058,4764,TRANSFER,170.32,2010-09-01T00:00:00Z
10,fan_in,True,350940,892,8764,TRANSFER,109.79,2010-09-03T00:00:00Z
79,cycle,True,352801,4381,1688,TRANSFER,145.77,2010-09-04T00:00:00Z
82,cycle,True,354979,6520,8635,TRANSFER,125.31,2010-09-06T00:00:00Z
82,cycle,True,354980,6327,3743,TRANSFER,112.78,2010-09-06T00:00:00Z
82,cycle,True,354981,8773,6226,TRANSFER,101.5,2010-09-06T00:00:00Z
82,cycle,True,354982,1289,6520,TRANSFER,91.35,2010-09-06T00:00:00Z
21,fan_in,True,356091,3902,2984,TRANSFER,109.9,2010-09-06T00:00:00Z
18,fan_in,True,356798,4042,1590,TRANSFER,135.69,2010-09-07T00:00:00Z
82,cycle,True,357340,3743,8773,TRANSFER,82.22,2010-09-07T00:00:00Z
79,cycle,True,357588,3609,9350,TRANSFER,131.19,2010-09-07T00:00:00Z
82,cycle,True,359087,5524,6327,TRANSFER,74.0,2010-09-08T00:00:00Z
82,cycle,True,360838,6481,1289,TRANSFER,66.6,2010-09-10T00:00:00Z
82,cycle,True,362991,8635,5524,TRANSFER,59.94,2010-09-11T00:00:00Z
82,cycle,True,362992,6226,6481,TRANSFER,53.94,2010-09-11T00:00:00Z
59,fan_out,True,368355,8585,572,TRANSFER,121.4,2010-09-15T00:00:00Z
15,fan_in,True,370114,6964,8359,TRANSFER,142.71,2010-09-16T00:00:00Z
2,fan_in,True,370231,6518,9782,TRANSFER,109.12,2010-09-16T00:00:00Z
42,fan_out,True,370849,2840,4965,TRANSFER,103.23,2010-09-17T00:00:00Z
5,fan_in,True,378037,1671,1589,TRANSFER,183.27,2010-09-22T00:00:00Z
3,fan_in,True,378066,654,2177,TRANSFER,184.32,2010-09-22T00:00:00Z
29,fan_in,True,378486,6691,5084,TRANSFER,174.3,2010-09-22T00:00:00Z
27,fan_in,True,378552,1458,4046,TRANSFER,108.91,2010-09-22T00:00:00Z
33,fan_out,True,383516,7366,7629,TRANSFER,155.1,2010-09-26T00:00:00Z
19,fan_in,True,386839,7800,4616,TRANSFER,130.63,2010-09-28T00:00:00Z
49,fan_out,True,386996,4658,9244,TRANSFER,104.37,2010-09-28T00:00:00Z
43,fan_out,True,394973,4746,5888,TRANSFER,144.22,2010-10-04T00:00:00Z
9,fan_in,True,401216,8868,7702,TRANSFER,132.47,2010-10-08T00:00:00Z
25,fan_in,True,401460,109,3191,TRANSFER,142.27,2010-10-08T00:00:00Z
14,fan_in,True,402125,4814,7827,TRANSFER,170.39,2010-10-09T00:00:00Z
4,fan_in,True,403731,9995,2182,TRANSFER,177.32,2010-10-10T00:00:00Z
63,cycle,True,404162,6273,7318,TRANSFER,199.3,2010-10-10T00:00:00Z
63,cycle,True,406013,9965,6315,TRANSFER,179.36,2010-10-11T00:00:00Z
63,cycle,True,406014,6315,8428,TRANSFER,161.43,2010-10-11T00:00:00Z
63,cycle,True,408709,7088,9223,TRANSFER,145.28,2010-10-13T00:00:00Z
63,cycle,True,408710,9223,9965,TRANSFER,130.76,2010-10-13T00:00:00Z
63,cycle,True,408711,6974,6273,TRANSFER,117.68,2010-10-13T00:00:00Z
49,fan_out,True,409182,4658,4479,TRANSFER,104.37,2010-10-13T00:00:00Z
63,cycle,True,409865,7318,7088,TRANSFER,105.91,2010-10-14T00:00:00Z
63,cycle,True,409866,8428,601,TRANSFER,95.32,2010-10-14T00:00:00Z
63,cycle,True,409867,601,6974,TRANSFER,85.79,2010-10-14T00:00:00Z
28,fan_in,True,412847,9050,8587,TRANSFER,165.3,2010-10-16T00:00:00Z
58,fan_out,True,417715,2739,3292,TRANSFER,138.28,2010-10-19T00:00:00Z
1,fan_in,True,418409,4591,5470,TRANSFER,189.75,2010-10-20T00:00:00Z
33,fan_out,True,428965,7366,4282,TRANSFER,155.1,2010-10-27T00:00:00Z
2,fan_in,True,431260,5573,9782,TRANSFER,109.12,2010-10-29T00:00:00Z
67,cycle,True,432273,4195,6661,TRANSFER,113.93,2010-10-30T00:00:00Z
55,fan_out,True,436483,3696,6215,TRANSFER,121.41,2010-11-02T00:00:00Z
10,fan_in,True,438440,2310,8764,TRANSFER,109.79,2010-11-03T00:00:00Z
67,cycle,True,439103,661,8239,TRANSFER,102.53,2010-11-03T00:00:00Z
5,fan_in,True,441953,7049,1589,TRANSFER,183.27,2010-11-05T00:00:00Z
23,fan_in,True,442552,6551,9851,TRANSFER,144.32,2010-11-06T00:00:00Z
49,fan_out,True,443811,4658,7905,TRANSFER,104.37,2010-11-07T00:00:00Z
93,cycle,True,444541,2830,4061,TRANSFER,106.16,2010-11-07T00:00:00Z
93,cycle,True,444542,3997,7076,TRANSFER,95.55,2010-11-07T00:00:00Z
93,cycle,True,444543,7076,9047,TRANSFER,85.99,2010-11-07T00:00:00Z
93,cycle,True,444544,9047,6870,TRANSFER,77.39,2010-11-07T00:00:00Z
93,cycle,True,444545,6870,2773,TRANSFER,69.65,2010-11-07T00:00:00Z
93,cycle,True,444546,2773,3518,TRANSFER,62.69,2010-11-07T00:00:00Z
93,cycle,True,444547,3518,5300,TRANSFER,56.42,2010-11-07T00:00:00Z
21,fan_in,True,444788,2738,2984,TRANSFER,109.9,2010-11-07T00:00:00Z
73,cycle,True,447710,8510,3993,TRANSFER,116.04,2010-11-09T00:00:00Z
73,cycle,True,447711,4154,515,TRANSFER,104.43,2010-11-09T00:00:00Z
73,cycle,True,447712,4693,6833,TRANSFER,93.99,2010-11-09T00:00:00Z
77,cycle,True,447874,8674,463,TRANSFER,122.68,2010-11-10T00:00:00Z
77,cycle,True,447875,3426,124,TRANSFER,110.41,2010-11-10T00:00:00Z
55,fan_out,True,448146,3696,8071,TRANSFER,121.41,2010-11-10T00:00:00Z
73,cycle,True,448533,7912,2239,TRANSFER,84.59,2010-11-10T00:00:00Z
73,cycle,True,448534,6833,7809,TRANSFER,76.13,2010-11-10T00:00:00Z
73,cycle,True,448535,7809,8510,TRANSFER,68.52,2010-11-10T00:00:00Z
93,cycle,True,450089,5300,3563,TRANSFER,50.78,2010-11-11T00:00:00Z
67,cycle,True,450333,5082,661,TRANSFER,92.28,2010-11-11T00:00:00Z
77,cycle,True,450476,124,3529,TRANSFER,99.37,2010-11-11T00:00:00Z
73,cycle,True,450563,2239,4154,TRANSFER,61.66,2010-11-11T00:00:00Z
73,cycle,True,450564,515,4693,TRANSFER,55.5,2010-11-11T00:00:00Z
93,cycle,True,450663,4061,3997,TRANSFER,45.7,2010-11-12T00:00:00Z
93,cycle,True,450664,3563,2830,TRANSFER,41.13,2010-11-12T00:00:00Z
73,cycle,True,452222,3993,7912,TRANSFER,49.95,2010-11-13T00:00:00Z
46,fan_out,True,457349,3951,3970,TRANSFER,198.16,2010-11-16T00:00:00Z
42,fan_out,True,457529,2840,2588,TRANSFER,103.23,2010-11-16T00:00:00Z
47,fan_out,True,457961,5645,46,TRANSFER,158.63,2010-11-17T00:00:00Z
59,fan_out,True,458410,8585,1286,TRANSFER,121.4,2010-11-17T00:00:00Z
67,cycle,True,458937,6661,5082,TRANSFER,83.05,2010-11-17T00:00:00Z
67,cycle,True,458938,8239,4195,TRANSFER,74.75,2010-11-17T00:00:00Z
25,fan_in,True,459140,439,3191,TRANSFER,142.27,2010-11-17T00:00:00Z
77,cycle,True,462756,3529,8674,TRANSFER,89.43,2010-11-20T00:00:00Z
12,fan_in,True,464412,4626,1661,TRANSFER,136.02,2010-11-21T00:00:00Z
43,fan_out,True,464477,4746,2909,TRANSFER,144.22,2010-11-21T00:00:00Z
77,cycle,True,465172,3085,3426,TRANSFER,80.49,2010-11-22T00:00:00Z
88,cycle,True,468198,4107,5875,TRANSFER,146.74,2010-11-24T00:00:00Z
70,cycle,True,468313,8090,7006,TRANSFER,194.19,2010-11-24T00:00:00Z
70,cycle,True,468314,1926,9077,TRANSFER,174.77,2010-11-24T00:00:00Z
70,cycle,True,468315,9077,1598,TRANSFER,157.3,2010-11-24T00:00:00Z
77,cycle,True,469915,463,7952,TRANSFER,72.44,2010-11-25T00:00:00Z
77,cycle,True,469916,7952,3085,TRANSFER,65.19,2010-11-25T00:00:00Z
70,cycle,True,470742,1369,6504,TRANSFER,141.57,2010-11-26T00:00:00Z
70,cycle,True,470743,8581,8090,TRANSFER,127.41,2010-11-26T00:00:00Z
4,fan_in,True,471812,839,2182,TRANSFER,177.32,2010-11-26T00:00:00Z
88,cycle,True,471955,2708,5432,TRANSFER,132.06,2010-11-26T00:00:00Z
70,cycle,True,472266,1598,8581,TRANSFER,114.67,2010-11-27T00:00:00Z
70,cycle,True,474850,7006,1369,TRANSFER,103.2,2010-11-28T00:00:00Z
70,cycle,True,474851,6504,1926,TRANSFER,92.88,2010-11-28T00:00:00Z
88,cycle,True,475543,5317,9776,TRANSFER,118.85,2010-11-29T00:00:00Z
88,cycle,True,476985,111,2024,TRANSFER,106.97,2010-11-30T00:00:00Z
48,fan_out,True,478999,9540,6414,TRANSFER,133.27,2010-12-01T00:00:00Z
88,cycle,True,480839,9776,9370,TRANSFER,96.27,2010-12-03T00:00:00Z
88,cycle,True,480840,5432,4107,TRANSFER,86.64,2010-12-03T00:00:00Z
88,cycle,True,482210,2024,5317,TRANSFER,77.98,2010-12-04T00:00:00Z
14,fan_in,True,482849,728,7827,TRANSFER,170.39,2010-12-04T00:00:00Z
88,cycle,True,483706,9370,2708,TRANSFER,70.18,2010-12-05T00:00:00Z
42,fan_out,True,486326,2840,7897,TRANSFER,103.23,2010-12-06T00:00:00Z
88,cycle,True,488831,5875,111,TRANSFER,63.16,2010-12-08T00:00:00Z
51,fan_out,True,493384,6210,3313,TRANSFER,161.03,2010-12-11T00:00:00Z
90,cycle,True,497779,2928,8046,TRANSFER,109.83,2010-12-14T00:00:00Z
90,cycle,True,498148,1573,2928,TRANSFER,98.85,2010-12-15T00:00:00Z
90,cycle,True,501707,907,7928,TRANSFER,88.97,2010-12-17T00:00:00Z
90,cycle,True,503459,7841,9980,TRANSFER,80.07,2010-12-18T00:00:00Z
90,cycle,True,503460,7928,7851,TRANSFER,72.06,2010-12-18T00:00:00Z
3,fan_in,True,504488,3119,2177,TRANSFER,184.32,2010-12-19T00:00:00Z
90,cycle,True,504660,3329,1573,TRANSFER,64.85,2010-12-19T00:00:00Z
27,fan_in,True,504758,3066,4046,TRANSFER,108.91,2010-12-19T00:00:00Z
47,fan_out,True,507546,5645,3755,TRANSFER,158.63,2010-12-21T00:00:00Z
90,cycle,True,508581,9980,907,TRANSFER,58.37,2010-12-22T00:00:00Z
90,cycle,True,510174,8046,7841,TRANSFER,52.53,2010-12-23T00:00:00Z
90,cycle,True,510175,7851,3329,TRANSFER,47.28,2010-12-23T00:00:00Z
48,fan_out,True,511040,9540,3382,TRANSFER,133.27,2010-12-24T00:00:00Z
55,fan_out,True,512104,3696,3565,TRANSFER,121.41,2010-12-24T00:00:00Z
28,fan_in,True,515328,2026,8587,TRANSFER,165.3,2010-12-27T00:00:00Z
13,fan_in,True,520987,6798,4764,TRANSFER,170.32,2010-12-31T00:00:00Z
1,fan_in,True,522273,5856,5470,TRANSFER,189.75,2011-01-01T00:00:00Z
91,cycle,True,523383,5158,1240,TRANSFER,118.83,2011-01-01T00:00:00Z
91,cycle,True,523384,554,8091,TRANSFER,106.94,2011-01-01T00:00:00Z
91,cycle,True,523385,5863,1935,TRANSFER,96.25,2011-01-01T00:00:00Z
49,fan_out,True,523552,4658,2888,TRANSFER,104.37,2011-01-01T00:00:00Z
91,cycle,True,525484,1935,4660,TRANSFER,86.62,2011-01-03T00:00:00Z
10,fan_in,True,525785,7581,8764,TRANSFER,109.79,2011-01-03T00:00:00Z
51,fan_out,True,526538,6210,5728,TRANSFER,161.03,2011-01-04T00:00:00Z
48,fan_out,True,526786,9540,1096,TRANSFER,133.27,2011-01-04T00:00:00Z
48,fan_out,True,526787,9540,5384,TRANSFER,133.27,2011-01-04T00:00:00Z
91,cycle,True,528467,8091,2190,TRANSFER,77.96,2011-01-05T00:00:00Z
58,fan_out,True,528494,2739,8358,TRANSFER,138.28,2011-01-05T00:00:00Z
21,fan_in,True,532258,8081,2984,TRANSFER,109.9,2011-01-08T00:00:00Z
41,fan_out,True,532325,4531,2790,TRANSFER,196.96,2011-01-08T00:00:00Z
59,fan_out,True,533156,8585,1660,TRANSFER,121.4,2011-01-08T00:00:00Z
38,fan_out,True,536517,6044,1254,TRANSFER,162.46,2011-01-11T00:00:00Z
91,cycle,True,536607,4660,5158,TRANSFER,70.16,2011-01-11T00:00:00Z
4,fan_in,True,538005,6747,2182,TRANSFER,177.32,2011-01-12T00:00:00Z
59,fan_out,True,539919,8585,9895,TRANSFER,121.4,2011-01-13T00:00:00Z
41,fan_out,True,541116,4531,4869,TRANSFER,196.96,2011-01-14T00:00:00Z
91,cycle,True,541621,1240,554,TRANSFER,63.15,2011-01-14T00:00:00Z
91,cycle,True,541622,2190,5863,TRANSFER,56.84,2011-01-14T00:00:00Z
50,fan_out,True,542837,3355,8722,TRANSFER,109.81,2011-01-15T00:00:00Z
58,fan_out,True,550145,2739,410,TRANSFER,138.28,2011-01-20T00:00:00Z
15,fan_in,True,554801,5224,8359,TRANSFER,142.71,2011-01-23T00:00:00Z
65,cycle,True,555751,8654,3595,TRANSFER,112.55,2011-01-24T00:00:00Z
65,cycle,True,555752,1152,8535,TRANSFER,101.29,2011-01-24T00:00:00Z
65,cycle,True,556643,7824,1152,TRANSFER,91.16,2011-01-25T00:00:00Z
41,fan_out,True,557767,4531,4273,TRANSFER,196.96,2011-01-25T00:00:00Z
65,cycle,True,559069,8117,7824,TRANSFER,82.04,2011-01-26T00:00:00Z
65,cycle,True,560227,8049,3304,TRANSFER,73.84,2011-01-27T00:00:00Z
65,cycle,True,560228,3304,8117,TRANSFER,66.45,2011-01-27T00:00:00Z
50,fan_out,True,560235,3355,3115,TRANSFER,109.81,2011-01-27T00:00:00Z
65,cycle,True,561974,3595,4324,TRANSFER,59.81,2011-01-28T00:00:00Z
65,cycle,True,561975,4324,2321,TRANSFER,53.83,2011-01-28T00:00:00Z
65,cycle,True,561976,2321,8049,TRANSFER,48.44,2011-01-28T00:00:00Z
65,cycle,True,561977,8535,8654,TRANSFER,43.6,2011-01-28T00:00:00Z
14,fan_in,True,563058,2901,7827,TRANSFER,170.39,2011-01-29T00:00:00Z
46,fan_out,True,580057,3951,1751,TRANSFER,198.16,2011-02-10T00:00:00Z
12,fan_in,True,580764,5386,1661,TRANSFER,136.02,2011-02-10T00:00:00Z
58,fan_out,True,583470,2739,5423,TRANSFER,138.28,2011-02-12T00:00:00Z
57,fan_out,True,584888,6222,6329,TRANSFER,177.77,2011-02-13T00:00:00Z
23,fan_in,True,589730,1414,9851,TRANSFER,144.32,2011-02-17T00:00:00Z
59,fan_out,True,601242,8585,2007,TRANSFER,121.4,2011-02-25T00:00:00Z
51,fan_out,True,604960,6210,3185,TRANSFER,161.03,2011-02-27T00:00:00Z
47,fan_out,True,613109,5645,9914,TRANSFER,158.63,2011-03-05T00:00:00Z
10,fan_in,True,613347,7268,8764,TRANSFER,109.79,2011-03-05T00:00:00Z
33,fan_out,True,614081,7366,6717,TRANSFER,155.1,2011-03-06T00:00:00Z
28,fan_in,True,618050,5192,8587,TRANSFER,165.3,2011-03-09T00:00:00Z
21,fan_in,True,622027,3928,2984,TRANSFER,109.9,2011-03-11T00:00:00Z
51,fan_out,True,622245,6210,3987,TRANSFER,161.03,2011-03-11T00:00:00Z
43,fan_out,True,622502,4746,3644,TRANSFER,144.22,2011-03-12T00:00:00Z
41,fan_out,True,624622,4531,8762,TRANSFER,196.96,2011-03-13T00:00:00Z
1,fan_in,True,627438,6832,5470,TRANSFER,189.75,2011-03-15T00:00:00Z
27,fan_in,True,630474,1549,4046,TRANSFER,108.91,2011-03-17T00:00:00Z
14,fan_in,True,642831,6426,7827,TRANSFER,170.39,2011-03-26T00:00:00Z
46,fan_out,True,657179,3951,8923,TRANSFER,198.16,2011-04-05T00:00:00Z
47,fan_out,True,664248,5645,5352,TRANSFER,158.63,2011-04-10T00:00:00Z
60,cycle,True,667820,4878,2003,TRANSFER,137.39,2011-04-12T00:00:00Z
60,cycle,True,667821,2459,9816,TRANSFER,123.65,2011-04-12T00:00:00Z
60,cycle,True,669614,9762,2459,TRANSFER,111.29,2011-04-14T00:00:00Z
60,cycle,True,676433,1201,7604,TRANSFER,100.16,2011-04-18T00:00:00Z
60,cycle,True,681065,7209,8584,TRANSFER,90.14,2011-04-22T00:00:00Z
60,cycle,True,681066,8584,9762,TRANSFER,81.13,2011-04-22T00:00:00Z
60,cycle,True,681067,7604,4878,TRANSFER,73.01,2011-04-22T00:00:00Z
60,cycle,True,685899,2003,7209,TRANSFER,65.71,2011-04-25T00:00:00Z
60,cycle,True,685900,9816,9070,TRANSFER,59.14,2011-04-25T00:00:00Z
60,cycle,True,685901,9070,1201,TRANSFER,53.23,2011-04-25T00:00:00Z
69,cycle,True,687383,9814,4922,TRANSFER,139.55,2011-04-26T00:00:00Z
69,cycle,True,689779,2422,1054,TRANSFER,125.59,2011-04-28T00:00:00Z
83,cycle,True,690134,7102,6258,TRANSFER,198.88,2011-04-28T00:00:00Z
83,cycle,True,692214,5726,2789,TRANSFER,179.0,2011-04-29T00:00:00Z
83,cycle,True,692215,3662,9844,TRANSFER,161.1,2011-04-29T00:00:00Z
84,cycle,True,692895,5440,2091,TRANSFER,107.8,2011-04-30T00:00:00Z
13,fan_in,True,693744,4954,4764,TRANSFER,170.32,2011-05-01T00:00:00Z
43,fan_out,True,693981,4746,3665,TRANSFER,144.22,2011-05-01T00:00:00Z
83,cycle,True,694215,2789,4974,TRANSFER,144.99,2011-05-01T00:00:00Z
83,cycle,True,694216,4784,3662,TRANSFER,130.49,2011-05-01T00:00:00Z
69,cycle,True,694959,1522,9814,TRANSFER,113.03,2011-05-01T00:00:00Z
12,fan_in,True,695333,5314,1661,TRANSFER,136.02,2011-05-02T00:00:00Z
83,cycle,True,695428,4974,4784,TRANSFER,117.44,2011-05-02T00:00:00Z
83,cycle,True,695429,3300,7102,TRANSFER,105.69,2011-05-02T00:00:00Z
84,cycle,True,695706,7776,5614,TRANSFER,97.02,2011-05-02T00:00:00Z
83,cycle,True,697465,6258,5726,TRANSFER,95.12,2011-05-03T00:00:00Z
83,cycle,True,697466,9844,3300,TRANSFER,85.62,2011-05-03T00:00:00Z
84,cycle,True,697793,825,5268,TRANSFER,87.32,2011-05-03T00:00:00Z
84,cycle,True,700929,5614,5440,TRANSFER,78.59,2011-05-06T00:00:00Z
69,cycle,True,702139,2941,2422,TRANSFER,101.73,2011-05-06T00:00:00Z
84,cycle,True,702768,6846,9771,TRANSFER,70.73,2011-05-07T00:00:00Z
69,cycle,True,703459,1054,1522,TRANSFER,91.55,2011-05-07T00:00:00Z
84,cycle,True,706181,4571,7776,TRANSFER,63.66,2011-05-09T00:00:00Z
69,cycle,True,708221,3425,2941,TRANSFER,82.4,2011-05-11T00:00:00Z
84,cycle,True,709878,5268,4571,TRANSFER,57.29,2011-05-12T00:00:00Z
41,fan_out,True,710538,4531,6409,TRANSFER,196.96,2011-05-12T00:00:00Z
84,cycle,True,711038,2091,6846,TRANSFER,51.56,2011-05-13T00:00:00Z
84,cycle,True,711039,9771,5160,TRANSFER,46.4,2011-05-13T00:00:00Z
84,cycle,True,711040,5160,825,TRANSFER,41.77,2011-05-13T00:00:00Z
33,fan_out,True,711214,7366,3509,TRANSFER,155.1,2011-05-13T00:00:00Z
45,fan_out,True,711584,2889,9162,TRANSFER,113.73,2011-05-13T00:00:00Z
69,cycle,True,712424,4922,3425,TRANSFER,74.16,2011-05-14T00:00:00Z
61,cycle,True,717668,9615,3488,TRANSFER,110.37,2011-05-17T00:00:00Z
28,fan_in,True,722035,3814,8587,TRANSFER,165.3,2011-05-20T00:00:00Z
61,cycle,True,722131,8580,9615,TRANSFER,99.34,2011-05-20T00:00:00Z
61,cycle,True,724321,8086,8580,TRANSFER,89.4,2011-05-22T00:00:00Z
50,fan_out,True,727701,3355,8210,TRANSFER,109.81,2011-05-24T00:00:00Z
61,cycle,True,730318,2599,8086,TRANSFER,80.46,2011-05-26T00:00:00Z
61,cycle,True,731835,3488,2599,TRANSFER,72.42,2011-05-27T00:00:00Z
45,fan_out,True,753170,2889,4113,TRANSFER,113.73,2011-06-11T00:00:00Z
92,cycle,True,755108,4867,3671,TRANSFER,132.8,2011-06-12T00:00:00Z
92,cycle,True,755109,4969,7833,TRANSFER,119.52,2011-06-12T00:00:00Z
27,fan_in,True,756166,7481,4046,TRANSFER,108.91,2011-06-13T00:00:00Z
92,cycle,True,757799,8546,4867,TRANSFER,107.56,2011-06-14T00:00:00Z
98,cycle,True,758448,5087,7176,TRANSFER,197.17,2011-06-15T00:00:00Z
98,cycle,True,758449,4743,5087,TRANSFER,177.46,2011-06-15T00:00:00Z
92,cycle,True,759242,6241,8546,TRANSFER,96.81,2011-06-15T00:00:00Z
38,fan_out,True,759528,6044,5948,TRANSFER,162.46,2011-06-15T00:00:00Z
66,cycle,True,760695,9783,5256,TRANSFER,107.91,2011-06-16T00:00:00Z
66,cycle,True,763113,6467,9783,TRANSFER,97.12,2011-06-18T00:00:00Z
50,fan_out,True,763334,3355,5810,TRANSFER,109.81,2011-06-18T00:00:00Z
98,cycle,True,765436,1945,8361,TRANSFER,159.71,2011-06-20T00:00:00Z
66,cycle,True,767776,829,3113,TRANSFER,87.41,2011-06-21T00:00:00Z
98,cycle,True,768787,7802,4743,TRANSFER,143.74,2011-06-22T00:00:00Z
66,cycle,True,768964,3113,6467,TRANSFER,78.67,2011-06-22T00:00:00Z
98,cycle,True,771602,8361,7802,TRANSFER,129.36,2011-06-24T00:00:00Z
66,cycle,True,772567,8668,3607,TRANSFER,70.8,2011-06-25T00:00:00Z
66,cycle,True,772568,8784,829,TRANSFER,63.72,2011-06-25T00:00:00Z
74,cycle,True,773924,9140,6546,TRANSFER,108.94,2011-06-26T00:00:00Z
74,cycle,True,773925,397,8821,TRANSFER,98.05,2011-06-26T00:00:00Z
98,cycle,True,774202,7176,1945,TRANSFER,116.43,2011-06-26T00:00:00Z
66,cycle,True,774276,3607,8784,TRANSFER,57.35,2011-06-26T00:00:00Z
92,cycle,True,775150,7833,6241,TRANSFER,87.13,2011-06-26T00:00:00Z
66,cycle,True,776012,5256,8668,TRANSFER,51.61,2011-06-27T00:00:00Z
74,cycle,True,777188,2393,2730,TRANSFER,88.24,2011-06-28T00:00:00Z
92,cycle,True,777238,3671,4969,TRANSFER,78.41,2011-06-28T00:00:00Z
51,fan_out,True,780038,6210,7007,TRANSFER,161.03,2011-06-30T00:00:00Z
74,cycle,True,785890,3252,6415,TRANSFER,79.42,2011-07-04T00:00:00Z
74,cycle,True,785891,8821,9140,TRANSFER,71.48,2011-07-04T00:00:00Z
74,cycle,True,788386,6415,397,TRANSFER,64.33,2011-07-06T00:00:00Z
74,cycle,True,792104,6546,2393,TRANSFER,57.9,2011-07-08T00:00:00Z
74,cycle,True,792105,2730,3252,TRANSFER,52.11,2011-07-08T00:00:00Z
40,fan_out,True,794150,8052,8775,TRANSFER,116.45,2011-07-10T00:00:00Z
48,fan_out,True,809688,9540,4364,TRANSFER,133.27,2011-07-21T00:00:00Z
12,fan_in,True,811834,5223,1661,TRANSFER,136.02,2011-07-22T00:00:00Z
32,fan_out,True,835016,9583,6347,TRANSFER,194.86,2011-08-07T00:00:00Z
46,fan_out,True,861268,3951,7848,TRANSFER,198.16,2011-08-26T00:00:00Z
32,fan_out,True,868927,9583,9838,TRANSFER,194.86,2011-08-31T00:00:00Z
48,fan_out,True,870963,9540,5142,TRANSFER,133.27,2011-09-02T00:00:00Z
33,fan_out,True,881303,7366,8375,TRANSFER,155.1,2011-09-09T00:00:00Z
27,fan_in,True,882143,2178,4046,TRANSFER,108.91,2011-09-09T00:00:00Z
50,fan_out,True,886439,3355,9474,TRANSFER,109.81,2011-09-12T00:00:00Z
40,fan_out,True,890834,8052,1004,TRANSFER,116.45,2011-09-15T00:00:00Z
51,fan_out,True,895727,6210,1348,TRANSFER,161.03,2011-09-19T00:00:00Z
68,cycle,True,898310,7956,8692,TRANSFER,143.3,2011-09-21T00:00:00Z
68,cycle,True,899954,2490,3499,TRANSFER,128.97,2011-09-22T00:00:00Z
68,cycle,True,902012,5157,5267,TRANSFER,116.07,2011-09-23T00:00:00Z
68,cycle,True,902013,5267,61,TRANSFER,104.46,2011-09-23T00:00:00Z
68,cycle,True,902602,3499,5157,TRANSFER,94.01,2011-09-24T00:00:00Z
68,cycle,True,907636,9953,2490,TRANSFER,84.61,2011-09-27T00:00:00Z
68,cycle,True,910796,61,7956,TRANSFER,76.15,2011-09-29T00:00:00Z
68,cycle,True,912890,8692,9953,TRANSFER,68.54,2011-10-01T00:00:00Z
50,fan_out,True,917430,3355,6668,TRANSFER,109.81,2011-10-04T00:00:00Z
48,fan_out,True,918686,9540,4855,TRANSFER,133.27,2011-10-05T00:00:00Z
78,cycle,True,960979,8965,2501,TRANSFER,115.37,2011-11-03T00:00:00Z
78,cycle,True,961210,399,5621,TRANSFER,103.84,2011-11-04T00:00:00Z
40,fan_out,True,967406,8052,6496,TRANSFER,116.45,2011-11-08T00:00:00Z
78,cycle,True,977999,7146,399,TRANSFER,93.45,2011-11-15T00:00:00Z
76,cycle,True,979080,2623,6793,TRANSFER,144.21,2011-11-16T00:00:00Z
76,cycle,True,979081,5505,3842,TRANSFER,129.78,2011-11-16T00:00:00Z
78,cycle,True,981584,5621,8965,TRANSFER,84.11,2011-11-18T00:00:00Z
76,cycle,True,981666,1003,2336,TRANSFER,116.81,2011-11-18T00:00:00Z
76,cycle,True,986502,6340,5505,TRANSFER,105.12,2011-11-21T00:00:00Z
78,cycle,True,986587,9960,7146,TRANSFER,75.7,2011-11-21T00:00:00Z
78,cycle,True,987563,2501,9960,TRANSFER,68.13,2011-11-22T00:00:00Z
76,cycle,True,990596,4683,1003,TRANSFER,94.61,2011-11-24T00:00:00Z
76,cycle,True,990597,9906,2623,TRANSFER,85.15,2011-11-24T00:00:00Z
76,cycle,True,994632,9316,4683,TRANSFER,76.63,2011-11-27T00:00:00Z
76,cycle,True,994633,2336,9906,TRANSFER,68.97,2011-11-27T00:00:00Z
76,cycle,True,997642,6793,6340,TRANSFER,62.07,2011-11-29T00:00:00Z
76,cycle,True,997643,3842,9316,TRANSFER,55.86,2011-11-29T00:00:00Z
